{"flutter":{"platforms":{"android":{"default":{"projectId":"vscode-clone","appId":"1:419684208484:android:60fcff363ce148d4537471","fileOutput":"android/app/google-services.json"}},"ios":{"default":{"projectId":"vscode-clone","appId":"1:419684208484:ios:d83e6be7405fd947537471","uploadDebugSymbols":false,"fileOutput":"ios/Runner/GoogleService-Info.plist"}},"macos":{"default":{"projectId":"vscode-clone","appId":"1:419684208484:ios:d83e6be7405fd947537471","uploadDebugSymbols":false,"fileOutput":"macos/Runner/GoogleService-Info.plist"}},"dart":{"lib/firebase_options.dart":{"projectId":"vscode-clone","configurations":{"android":"1:419684208484:android:60fcff363ce148d4537471","ios":"1:419684208484:ios:d83e6be7405fd947537471","macos":"1:419684208484:ios:d83e6be7405fd947537471","web":"1:419684208484:web:993b613872168180537471","windows":"1:419684208484:web:42328ed4cf112935537471"}}}}}}